<?xml version="1.0" encoding="UTF-8"?>
<project-private xmlns="http://www.netbeans.org/ns/project-private/1">
    <editor-bookmarks xmlns="http://www.netbeans.org/ns/editor-bookmarks/2" lastBookmarkId="0"/>
    <open-files xmlns="http://www.netbeans.org/ns/projectui-open-files/2">
        <group>
            <file>file:/Users/alicevalet/Documents/My%20file/ECE%20PARIS/S2/Java/Hopital/src/hopital/Connexion.java</file>
            <file>file:/Users/alicevalet/Documents/My%20file/ECE%20PARIS/S2/Java/Hopital/src/hopital/SSHTunnel.java</file>
            <file>file:/Users/alicevalet/Documents/My%20file/ECE%20PARIS/S2/Java/Hopital/src/hopital/MiseAJour.java</file>
            <file>file:/Users/alicevalet/Documents/My%20file/ECE%20PARIS/S2/Java/Hopital/src/hopital/Fenetre.java</file>
            <file>file:/Users/alicevalet/Documents/My%20file/ECE%20PARIS/S2/Java/Hopital/src/hopital/Reporting.java</file>
            <file>file:/Users/alicevalet/Documents/My%20file/ECE%20PARIS/S2/Java/Hopital/src/hopital/RechercheInfos.java</file>
            <file>file:/Users/alicevalet/Documents/My%20file/ECE%20PARIS/S2/Java/Hopital/src/hopital/Controleur.java</file>
        </group>
    </open-files>
</project-private>
