<?xml version="1.0" encoding="UTF-8"?>
<project-private xmlns="http://www.netbeans.org/ns/project-private/1">
    <editor-bookmarks xmlns="http://www.netbeans.org/ns/editor-bookmarks/2" lastBookmarkId="0"/>
    <open-files xmlns="http://www.netbeans.org/ns/projectui-open-files/2">
        <group>
            <file>file:/Users/alicevalet/Documents/My%20file/ECE%20PARIS/S2/Java/Hopital/src/hopital/modele/infirmier.java</file>
            <file>file:/Users/alicevalet/Documents/My%20file/ECE%20PARIS/S2/Java/Hopital/src/hopital/SSHTunnel.java</file>
            <file>file:/Users/alicevalet/Documents/My%20file/ECE%20PARIS/S2/Java/Hopital/src/hopital/modele/employe.java</file>
            <file>file:/Users/alicevalet/Documents/My%20file/ECE%20PARIS/S2/Java/Hopital/src/hopital/vue/Fenetre.java</file>
            <file>file:/Users/alicevalet/Documents/My%20file/ECE%20PARIS/S2/Java/Hopital/src/hopital/modele/service.java</file>
            <file>file:/Users/alicevalet/Documents/My%20file/ECE%20PARIS/S2/Java/Hopital/src/hopital/modele/chambre.java</file>
            <file>file:/Users/alicevalet/Documents/My%20file/ECE%20PARIS/S2/Java/Hopital/src/hopital/controleur/RechercheInfos.java</file>
            <file>file:/Users/alicevalet/Documents/My%20file/ECE%20PARIS/S2/Java/Hopital/src/hopital/controleur/Reporting.java</file>
            <file>file:/Users/alicevalet/Documents/My%20file/ECE%20PARIS/S2/Java/Hopital/src/hopital/controleur/MiseAJour.java</file>
            <file>file:/Users/alicevalet/Documents/My%20file/ECE%20PARIS/S2/Java/Hopital/src/hopital/controleur/Connexion.java</file>
            <file>file:/Users/alicevalet/Documents/My%20file/ECE%20PARIS/S2/Java/Hopital/src/hopital/controleur/Controleur.java</file>
            <file>file:/Users/alicevalet/Documents/My%20file/ECE%20PARIS/S2/Java/Hopital/src/hopital/modele/malade.java</file>
        </group>
    </open-files>
</project-private>
