<?xml version="1.0" encoding="UTF-8"?>
<project-private xmlns="http://www.netbeans.org/ns/project-private/1">
    <editor-bookmarks xmlns="http://www.netbeans.org/ns/editor-bookmarks/2" lastBookmarkId="0"/>
    <open-files xmlns="http://www.netbeans.org/ns/projectui-open-files/2">
        <group>
            <file>file:/Users/alicevalet/Hopital/src/hopital/Connexion.java</file>
            <file>file:/Users/alicevalet/Hopital/src/vue/Acceuil.java</file>
            <file>file:/Users/alicevalet/Hopital/src/vue/Select_person.java</file>
            <file>file:/Users/alicevalet/Hopital/src/vue/AjoutMalade.java</file>
            <file>file:/Users/alicevalet/Hopital/src/controleur/Controleur.java</file>
            <file>file:/Users/alicevalet/Hopital/src/vue/Error.java</file>
            <file>file:/Users/alicevalet/Hopital/src/vue/AjoutDoc.java</file>
            <file>file:/Users/alicevalet/Hopital/src/modele/Hopital.java</file>
            <file>file:/Users/alicevalet/Hopital/src/vue/Fenetre.java</file>
            <file>file:/Users/alicevalet/Hopital/src/vue/NewFXMain.java</file>
            <file>file:/Users/alicevalet/Hopital/src/vue/AjoutInf.java</file>
            <file>file:/Users/alicevalet/Hopital/src/vue/Select_Action.java</file>
            <file>file:/Users/alicevalet/Hopital/src/vue/SupprDoc.java</file>
            <file>file:/Users/alicevalet/Hopital/src/vue/Select_Person2.java</file>
            <file>file:/Users/alicevalet/Hopital/src/controleur/Connexion.java</file>
        </group>
    </open-files>
</project-private>
